{
    "metrics": {
        "http_req_sending": {
            "med": 0.027199,
            "max": 2.94633,
            "p(90)": 0.063607,
            "p(95)": 0.07658324999999999,
            "avg": 0.037213238571100336,
            "min": 0.009201
        },
        "http_req_connecting": {
            "min": 0,
            "med": 0,
            "max": 0.718481,
            "p(90)": 0,
            "p(95)": 0,
            "avg": 0.001642993108201241
        },
        "http_req_failed": {
            "passes": 0,
            "fails": 8706,
            "thresholds": {
                "rate<0.01": false
            },
            "value": 0
        },
        "checks": {
            "passes": 8706,
            "fails": 0,
            "value": 1
        },
        "vus_max": {
            "value": 50,
            "min": 50,
            "max": 50
        },
        "http_req_blocked": {
            "p(95)": 0.013651,
            "avg": 0.010848899609464788,
            "min": 0.0024,
            "med": 0.007501,
            "max": 1.104323,
            "p(90)": 0.010943
        },
        "data_received": {
            "count": 2463798,
            "rate": 20700.669148667705
        },
        "http_req_duration": {
            "max": 203.272142,
            "p(90)": 36.459818999999996,
            "p(95)": 43.558966749999996,
            "avg": 19.287368060762617,
            "min": 0.143816,
            "med": 13.4523685,
            "thresholds": {
                "p(95)<200": false
            }
        },
        "http_req_waiting": {
            "avg": 19.128742129565875,
            "min": 0,
            "med": 13.2982875,
            "max": 203.149127,
            "p(90)": 36.3155035,
            "p(95)": 43.3553305
        },
        "iteration_duration": {
            "avg": 520.1316325175725,
            "min": 506.787798,
            "med": 514.292565,
            "max": 704.215585,
            "p(90)": 537.450919,
            "p(95)": 544.3879805
        },
        "http_req_tls_handshaking": {
            "avg": 0,
            "min": 0,
            "med": 0,
            "max": 0,
            "p(90)": 0,
            "p(95)": 0
        },
        "iterations": {
            "count": 8706,
            "rate": 73.1472408080131
        },
        "vus": {
            "value": 1,
            "min": 1,
            "max": 50
        },
        "http_req_duration{expected_response:true}": {
            "med": 13.4523685,
            "max": 203.272142,
            "p(90)": 36.459818999999996,
            "p(95)": 43.558966749999996,
            "avg": 19.287368060762617,
            "min": 0.143816
        },
        "data_sent": {
            "rate": 16019.245736954867,
            "count": 1906614
        },
        "http_req_receiving": {
            "p(90)": 0.1710985,
            "p(95)": 0.190034,
            "avg": 0.12141269262577534,
            "min": 0.020502,
            "med": 0.116013,
            "max": 1.16733
        },
        "http_reqs": {
            "count": 8706,
            "rate": 73.1472408080131
        }
    },
    "root_group": {
        "groups": {},
        "checks": {
                "status 201": {
                    "id": "79ffd230a8c8ec2016a9cf86821e71ea",
                    "passes": 8706,
                    "fails": 0,
                    "name": "status 201",
                    "path": "::status 201"
                }
            },
        "name": "",
        "path": "",
        "id": "d41d8cd98f00b204e9800998ecf8427e"
    }
}