{
    "root_group": {
        "name": "",
        "path": "",
        "id": "d41d8cd98f00b204e9800998ecf8427e",
        "groups": {},
        "checks": {
                "status 201": {
                    "passes": 46718,
                    "fails": 0,
                    "name": "status 201",
                    "path": "::status 201",
                    "id": "79ffd230a8c8ec2016a9cf86821e71ea"
                }
            }
    },
    "metrics": {
        "http_req_waiting": {
            "avg": 466.2027920796871,
            "min": 5.534513,
            "med": 570.849051,
            "max": 874.734199,
            "p(90)": 697.1793678,
            "p(95)": 739.93450505
        },
        "vus_max": {
            "max": 500,
            "value": 500,
            "min": 500
        },
        "http_req_duration{expected_response:true}": {
            "p(95)": 740.05390815,
            "avg": 466.34559634691493,
            "min": 5.692433,
            "med": 570.9847555,
            "max": 874.908296,
            "p(90)": 697.3181667
        },
        "http_req_tls_handshaking": {
            "avg": 0,
            "min": 0,
            "med": 0,
            "max": 0,
            "p(90)": 0,
            "p(95)": 0
        },
        "iterations": {
            "count": 46718,
            "rate": 387.9478580349689
        },
        "vus": {
            "value": 6,
            "min": 6,
            "max": 500
        },
        "http_req_sending": {
            "p(95)": 0.072507,
            "avg": 0.03290384048974713,
            "min": 0.008901,
            "med": 0.025602,
            "max": 2.730218,
            "p(90)": 0.06175050000000019
        },
        "checks": {
            "passes": 46718,
            "fails": 0,
            "value": 1
        },
        "data_received": {
            "count": 13221194,
            "rate": 109789.24382389619
        },
        "http_req_connecting": {
            "p(90)": 0,
            "p(95)": 0,
            "avg": 0.004492174365340985,
            "min": 0,
            "med": 0,
            "max": 31.398737
        },
        "data_sent": {
            "count": 10231242,
            "rate": 84960.58090965818
        },
        "iteration_duration": {
            "avg": 967.1290279205649,
            "min": 506.063683,
            "med": 1071.6849889999999,
            "max": 1376.24348,
            "p(90)": 1198.081643,
            "p(95)": 1240.7179453
        },
        "http_req_duration": {
            "p(95)": 740.05390815,
            "avg": 466.34559634691493,
            "min": 5.692433,
            "med": 570.9847555,
            "max": 874.908296,
            "p(90)": 697.3181667,
            "thresholds": {
                "p(95)<200": true
            }
        },
        "http_reqs": {
            "count": 46718,
            "rate": 387.9478580349689
        },
        "http_req_blocked": {
            "min": 0.0026,
            "med": 0.007601,
            "max": 31.582982,
            "p(90)": 0.01,
            "p(95)": 0.011,
            "avg": 0.014003728306005778
        },
        "http_req_failed": {
            "passes": 0,
            "fails": 46718,
            "thresholds": {
                "rate<0.01": false
            },
            "value": 0
        },
        "http_req_receiving": {
            "p(90)": 0.1597123,
            "p(95)": 0.1782899,
            "avg": 0.10990042673059407,
            "min": 0.021302,
            "med": 0.10451,
            "max": 12.897981
        }
    }
}