{
    "root_group": {
        "groups": {},
        "checks": {
                "status 201": {
                    "fails": 0,
                    "name": "status 201",
                    "path": "::status 201",
                    "id": "79ffd230a8c8ec2016a9cf86821e71ea",
                    "passes": 25678
                }
            },
        "name": "",
        "path": "",
        "id": "d41d8cd98f00b204e9800998ecf8427e"
    },
    "metrics": {
        "iterations": {
            "count": 25678,
            "rate": 225.6118322473531
        },
        "http_reqs": {
            "rate": 225.6118322473531,
            "count": 25678
        },
        "http_req_duration{expected_response:true}": {
            "avg": 1218.2642701877155,
            "min": 0.057857,
            "med": 1549.6655110000002,
            "max": 2320.309456,
            "p(90)": 1799.2373251,
            "p(95)": 1847.7827169999998
        },
        "http_req_receiving": {
            "avg": 0.11711435248072294,
            "min": 0.022644,
            "med": 0.107912,
            "max": 4.232191,
            "p(90)": 0.16492149999999994,
            "p(95)": 0.189713
        },
        "data_sent": {
            "count": 5623482,
            "rate": 49408.99126217033
        },
        "iteration_duration": {
            "p(95)": 2329.75530375,
            "avg": 1764.0425993433155,
            "min": 509.514257,
            "med": 2079.361951,
            "max": 2576.889896,
            "p(90)": 2291.2870728
        },
        "data_received": {
            "count": 7266874,
            "rate": 63848.148526000936
        },
        "vus": {
            "value": 7,
            "min": 7,
            "max": 500
        },
        "http_req_waiting": {
            "avg": 1218.0942470253128,
            "min": 0,
            "med": 1549.582704,
            "max": 2320.187893,
            "p(90)": 1799.0884357999998,
            "p(95)": 1847.5620881499997
        },
        "http_req_blocked": {
            "avg": 0.019948113131863558,
            "min": 0.003142,
            "med": 0.008126,
            "max": 35.627564,
            "p(90)": 0.011268,
            "p(95)": 0.01311
        },
        "http_req_tls_handshaking": {
            "min": 0,
            "med": 0,
            "max": 0,
            "p(90)": 0,
            "p(95)": 0,
            "avg": 0
        },
        "checks": {
            "passes": 25678,
            "fails": 0,
            "value": 1
        },
        "http_req_connecting": {
            "p(95)": 0,
            "avg": 0.008680687709323157,
            "min": 0,
            "med": 0,
            "max": 35.519001,
            "p(90)": 0
        },
        "http_req_duration": {
            "avg": 1218.2642701877155,
            "min": 0.057857,
            "med": 1549.6655110000002,
            "max": 2320.309456,
            "p(90)": 1799.2373251,
            "p(95)": 1847.7827169999998,
            "thresholds": {
                "p(95)<200": true
            }
        },
        "http_req_sending": {
            "p(95)": 0.080284,
            "avg": 0.05290880991510167,
            "min": 0.011376,
            "med": 0.028278,
            "max": 391.399366,
            "p(90)": 0.068691
        },
        "http_req_failed": {
            "passes": 0,
            "fails": 25678,
            "thresholds": {
                "rate<0.01": false
            },
            "value": 0
        },
        "vus_max": {
            "value": 500,
            "min": 500,
            "max": 500
        }
    }
}