{
    "root_group": {
        "name": "",
        "path": "",
        "id": "d41d8cd98f00b204e9800998ecf8427e",
        "groups": {},
        "checks": {
                "status 201": {
                    "id": "79ffd230a8c8ec2016a9cf86821e71ea",
                    "passes": 8565,
                    "fails": 0,
                    "name": "status 201",
                    "path": "::status 201"
                }
            }
    },
    "metrics": {
        "checks": {
            "passes": 8565,
            "fails": 0,
            "value": 1
        },
        "http_req_duration": {
            "min": 0.117991,
            "med": 24.623315,
            "max": 438.543644,
            "p(90)": 46.515216800000005,
            "p(95)": 57.0258074,
            "avg": 27.891353306713363,
            "thresholds": {
                "p(95)<200": false
            }
        },
        "data_received": {
            "count": 2423895,
            "rate": 21271.345824066408
        },
        "http_req_receiving": {
            "min": 0.01961,
            "med": 0.094262,
            "max": 1.040133,
            "p(90)": 0.1419346,
            "p(95)": 0.16759139999999992,
            "avg": 0.10073402510215977
        },
        "http_req_waiting": {
            "avg": 27.756371248453025,
            "min": 0,
            "med": 24.489289,
            "max": 438.408427,
            "p(90)": 46.3236804,
            "p(95)": 56.893147199999994
        },
        "data_sent": {
            "rate": 16460.864789648564,
            "count": 1875735
        },
        "vus_max": {
            "value": 50,
            "min": 50,
            "max": 50
        },
        "http_req_blocked": {
            "p(95)": 0.01406759999999994,
            "avg": 0.011007095504962079,
            "min": 0.002708,
            "med": 0.006826,
            "max": 1.228424,
            "p(90)": 0.011288
        },
        "http_req_failed": {
            "passes": 0,
            "fails": 8565,
            "thresholds": {
                "rate<0.01": false
            },
            "value": 0
        },
        "http_reqs": {
            "count": 8565,
            "rate": 75.16376616277883
        },
        "iterations": {
            "count": 8565,
            "rate": 75.16376616277883
        },
        "vus": {
            "min": 1,
            "max": 50,
            "value": 1
        },
        "http_req_connecting": {
            "avg": 0.0019347566841798013,
            "min": 0,
            "med": 0,
            "max": 0.873488,
            "p(90)": 0,
            "p(95)": 0
        },
        "http_req_sending": {
            "max": 2.833171,
            "p(90)": 0.060260200000000014,
            "p(95)": 0.0737848,
            "avg": 0.03424803315820192,
            "min": 0.010943,
            "med": 0.024162
        },
        "http_req_tls_handshaking": {
            "avg": 0,
            "min": 0,
            "med": 0,
            "max": 0,
            "p(90)": 0,
            "p(95)": 0
        },
        "http_req_duration{expected_response:true}": {
            "max": 438.543644,
            "p(90)": 46.515216800000005,
            "p(95)": 57.0258074,
            "avg": 27.891353306713363,
            "min": 0.117991,
            "med": 24.623315
        },
        "iteration_duration": {
            "p(95)": 557.7565296,
            "avg": 528.7205361022749,
            "min": 509.858133,
            "med": 525.506882,
            "max": 655.421267,
            "p(90)": 547.333624
        }
    }
}